IP Address,Port,Code,Country,Anonymity,Https,Google,Last Checked
50.172.75.124,80,US,United States,anonymous,no,no,8 secs ago
50.218.57.68,80,US,United States,anonymous,no,no,8 secs ago
50.172.75.125,80,US,United States,anonymous,no,no,8 secs ago
50.218.57.65,80,US,United States,anonymous,no,no,8 secs ago
50.220.168.134,80,US,United States,anonymous,no,no,8 secs ago
50.239.72.17,80,US,United States,anonymous,no,no,8 secs ago
50.174.7.152,80,US,United States,anonymous,no,no,8 secs ago
50.221.230.186,80,US,United States,anonymous,no,no,8 secs ago
139.60.209.2,80,US,United States,anonymous,no,no,8 secs ago
50.174.7.162,80,US,United States,anonymous,no,no,8 secs ago
50.175.212.79,80,US,United States,anonymous,no,no,8 secs ago
50.217.226.44,80,US,United States,anonymous,no,no,8 secs ago
50.146.203.174,80,US,United States,anonymous,no,no,8 secs ago
50.172.75.121,80,US,United States,anonymous,no,no,8 secs ago
50.175.212.72,80,US,United States,anonymous,no,no,8 secs ago
50.168.72.119,80,US,United States,anonymous,no,no,8 secs ago
50.169.37.50,80,US,United States,anonymous,no,no,8 secs ago
50.174.145.9,80,US,United States,anonymous,no,no,8 secs ago
50.175.212.66,80,US,United States,anonymous,no,no,8 secs ago
50.218.224.35,80,US,United States,anonymous,no,no,8 secs ago
50.223.246.226,80,US,United States,anonymous,no,no,8 secs ago
50.223.239.160,80,US,United States,anonymous,no,no,8 secs ago
50.168.72.118,80,US,United States,anonymous,no,no,8 secs ago
50.172.75.122,80,US,United States,anonymous,no,no,8 secs ago
50.218.57.71,80,US,United States,anonymous,no,no,8 secs ago
50.207.199.80,80,US,United States,anonymous,no,no,8 secs ago
50.145.24.181,80,US,United States,anonymous,no,no,8 secs ago
172.173.132.85,80,US,United States,elite proxy,yes,no,8 secs ago
50.168.72.112,80,US,United States,anonymous,no,no,8 secs ago
50.171.122.30,80,US,United States,anonymous,no,no,8 secs ago
50.169.135.10,80,US,United States,anonymous,no,no,8 secs ago
50.174.7.158,80,US,United States,anonymous,no,no,8 secs ago
50.222.245.50,80,US,United States,anonymous,no,no,8 secs ago
50.218.57.64,80,US,United States,anonymous,no,no,8 secs ago
50.171.177.124,80,US,United States,anonymous,no,no,8 secs ago
50.174.145.12,80,US,United States,anonymous,no,no,8 secs ago
50.174.145.10,80,US,United States,anonymous,no,no,8 secs ago
50.145.24.186,80,US,United States,anonymous,no,no,8 secs ago
50.122.86.118,80,US,United States,anonymous,no,no,8 secs ago
50.168.72.113,80,US,United States,anonymous,no,no,8 secs ago
50.222.245.44,80,US,United States,anonymous,no,no,8 secs ago
50.223.239.185,80,US,United States,anonymous,no,no,8 secs ago
50.223.239.177,80,US,United States,anonymous,no,no,8 secs ago
50.222.245.40,80,US,United States,anonymous,no,no,8 secs ago
50.218.204.106,80,US,United States,anonymous,no,no,8 secs ago
172.183.241.1,8080,US,United States,elite proxy,no,yes,8 secs ago
50.218.57.74,80,US,United States,anonymous,no,no,8 secs ago
147.182.180.242,80,US,United States,elite proxy,yes,no,8 secs ago
24.205.201.186,80,US,United States,anonymous,no,no,8 secs ago
50.174.7.159,80,US,United States,anonymous,no,no,8 secs ago
50.175.212.77,80,US,United States,anonymous,no,no,8 secs ago
50.217.226.47,80,US,United States,anonymous,no,no,8 secs ago
50.168.72.122,80,US,United States,anonymous,no,no,8 secs ago
50.218.204.99,80,US,United States,anonymous,no,no,8 secs ago
50.223.239.191,80,US,United States,anonymous,no,no,8 secs ago
50.202.75.26,80,US,United States,anonymous,no,no,8 secs ago
50.145.24.176,80,US,United States,anonymous,no,no,8 secs ago
50.222.245.42,80,US,United States,anonymous,no,no,8 secs ago
50.223.239.165,80,US,United States,anonymous,no,no,8 secs ago
50.218.57.69,80,US,United States,anonymous,no,no,8 secs ago
50.171.187.50,80,US,United States,anonymous,no,no,8 secs ago
50.223.239.167,80,US,United States,anonymous,no,no,8 secs ago
50.223.242.103,80,US,United States,anonymous,no,no,8 secs ago
50.174.145.11,80,US,United States,anonymous,no,no,8 secs ago
50.223.239.161,80,US,United States,anonymous,no,no,8 secs ago
198.49.68.80,80,US,United States,elite proxy,yes,no,8 secs ago
50.207.199.84,80,US,United States,anonymous,no,no,8 secs ago
68.185.57.66,80,US,United States,anonymous,no,no,8 secs ago
50.174.7.153,80,US,United States,anonymous,no,no,8 secs ago
50.239.72.18,80,US,United States,anonymous,no,no,8 secs ago
50.207.199.82,80,US,United States,anonymous,no,no,23 secs ago
66.31.130.117,8080,US,United States,elite proxy,,no,10 mins ago
216.137.184.253,80,US,United States,elite proxy,,no,10 mins ago
50.218.204.96,80,US,United States,anonymous,no,no,10 mins ago
162.245.85.220,80,US,United States,elite proxy,no,no,10 mins ago
192.73.244.36,80,US,United States,elite proxy,,no,10 mins ago
50.174.7.154,80,US,United States,anonymous,no,no,10 mins ago
47.88.31.196,8080,US,United States,anonymous,,no,10 mins ago
13.91.243.29,3128,US,United States,anonymous,no,yes,10 mins ago
50.144.189.54,80,US,United States,anonymous,no,no,10 mins ago
47.251.70.179,80,US,United States,elite proxy,no,yes,10 mins ago
35.185.196.38,3128,US,United States,anonymous,no,yes,10 mins ago
47.90.205.231,33333,US,United States,anonymous,,no,10 mins ago
50.174.7.156,80,US,United States,anonymous,no,no,11 mins ago
50.172.75.126,80,US,United States,anonymous,no,no,11 mins ago
50.171.177.126,80,US,United States,anonymous,no,no,11 mins ago
50.174.145.14,80,US,United States,anonymous,no,no,11 mins ago
50.172.75.120,80,US,United States,anonymous,no,no,11 mins ago
50.231.172.74,80,US,United States,anonymous,no,no,11 mins ago
50.171.187.51,80,US,United States,anonymous,no,no,11 mins ago
50.207.199.81,80,US,United States,anonymous,no,no,11 mins ago
50.223.239.166,80,US,United States,anonymous,no,no,11 mins ago
50.218.57.70,80,US,United States,anonymous,no,no,11 mins ago
50.217.226.41,80,US,United States,anonymous,no,no,11 mins ago
50.218.57.66,80,US,United States,anonymous,no,no,11 mins ago
50.222.245.47,80,US,United States,anonymous,no,no,11 mins ago
50.172.75.127,80,US,United States,anonymous,no,no,11 mins ago
50.172.75.123,80,US,United States,anonymous,no,no,11 mins ago
32.223.6.94,80,US,United States,anonymous,no,no,11 mins ago
50.223.239.183,80,US,United States,anonymous,no,no,11 mins ago
50.223.239.175,80,US,United States,anonymous,no,no,11 mins ago
50.144.166.226,80,US,United States,anonymous,no,no,11 mins ago
50.223.239.173,80,US,United States,anonymous,no,no,11 mins ago
50.221.74.130,80,US,United States,anonymous,no,no,11 mins ago
50.207.199.83,80,US,United States,anonymous,no,no,11 mins ago
50.223.242.97,80,US,United States,anonymous,no,no,11 mins ago
50.223.239.168,80,US,United States,anonymous,no,no,11 mins ago
50.174.7.157,80,US,United States,anonymous,no,no,11 mins ago
50.175.212.74,80,US,United States,anonymous,no,no,11 mins ago
50.222.245.45,80,US,United States,anonymous,no,no,11 mins ago
50.223.239.194,80,US,United States,anonymous,no,no,11 mins ago
47.251.28.148,8081,US,United States,anonymous,yes,no,20 mins ago
50.239.72.19,80,US,United States,anonymous,no,no,21 mins ago
50.144.168.74,80,US,United States,anonymous,no,no,21 mins ago
50.231.110.26,80,US,United States,anonymous,no,no,21 mins ago
50.223.246.237,80,US,United States,anonymous,no,no,21 mins ago
50.217.226.42,80,US,United States,anonymous,no,no,21 mins ago
50.222.245.43,80,US,United States,anonymous,no,no,21 mins ago
50.230.222.202,80,US,United States,anonymous,no,no,21 mins ago
47.252.29.28,11222,US,United States,elite proxy,no,yes,21 mins ago
68.178.203.69,8899,US,United States,anonymous,no,no,21 mins ago
51.8.224.206,9000,US,United States,elite proxy,no,yes,21 mins ago
50.223.242.100,80,US,United States,anonymous,no,no,21 mins ago
50.175.212.76,80,US,United States,anonymous,no,no,21 mins ago
50.239.72.16,80,US,United States,anonymous,no,no,30 mins ago
50.168.72.116,80,US,United States,anonymous,no,no,30 mins ago
50.222.245.41,80,US,United States,anonymous,no,no,30 mins ago
50.168.72.117,80,US,United States,anonymous,no,no,30 mins ago
50.174.145.15,80,US,United States,anonymous,no,no,30 mins ago
209.97.150.167,3128,US,United States,anonymous,no,no,30 mins ago
143.110.232.177,80,US,United States,elite proxy,yes,no,30 mins ago
50.174.145.8,80,US,United States,anonymous,no,no,30 mins ago
50.172.39.98,80,US,United States,anonymous,no,no,30 mins ago
198.199.86.11,8080,US,United States,anonymous,no,no,30 mins ago
50.217.226.43,80,US,United States,anonymous,no,no,30 mins ago
207.138.39.145,999,US,United States,transparent,no,no,36 mins ago
50.174.145.13,80,US,United States,anonymous,no,no,40 mins ago
50.168.72.114,80,US,United States,anonymous,no,no,40 mins ago
50.207.199.86,80,US,United States,anonymous,no,no,40 mins ago
66.191.31.158,80,US,United States,anonymous,no,no,40 mins ago
50.168.72.115,80,US,United States,anonymous,no,no,40 mins ago
50.168.7.250,80,US,United States,anonymous,no,no,40 mins ago
50.231.104.58,80,US,United States,anonymous,no,no,40 mins ago
96.113.158.126,80,US,United States,anonymous,no,no,40 mins ago
50.217.226.40,80,US,United States,anonymous,no,no,51 mins ago
50.222.245.46,80,US,United States,anonymous,no,no,51 mins ago
152.32.148.233,3128,US,United States,transparent,no,no,54 mins ago
50.218.57.67,80,US,United States,anonymous,no,no,1 hour ago
93.127.215.97,80,US,United States,elite proxy,yes,no,1 hour ago
50.223.38.6,80,US,United States,anonymous,no,no,1 hour ago
50.217.226.45,80,US,United States,anonymous,no,no,1 hour ago
12.186.205.120,80,US,United States,anonymous,yes,no,1 hour ago
23.236.247.52,8084,US,United States,transparent,no,no,1 hour 8 mins ago
159.65.245.255,80,US,United States,transparent,no,no,1 hour 8 mins ago
209.99.135.203,6834,US,United States,transparent,no,no,1 hour 8 mins ago
23.94.138.184,6458,US,United States,transparent,no,no,1 hour 8 mins ago
198.23.147.152,5167,US,United States,transparent,no,no,1 hour 8 mins ago
206.206.122.139,5770,US,United States,transparent,no,no,1 hour 8 mins ago
107.173.137.194,6448,US,United States,transparent,no,no,1 hour 8 mins ago
38.154.210.237,9358,US,United States,transparent,no,no,1 hour 8 mins ago
45.41.173.36,6403,US,United States,transparent,no,no,1 hour 8 mins ago
136.0.207.178,6755,US,United States,transparent,no,no,1 hour 8 mins ago
45.41.169.182,6843,US,United States,transparent,no,no,1 hour 8 mins ago
198.23.147.54,5069,US,United States,transparent,no,no,1 hour 8 mins ago
45.41.160.193,6175,US,United States,transparent,no,no,1 hour 8 mins ago
45.41.171.11,6047,US,United States,transparent,no,no,1 hour 8 mins ago
157.52.174.111,6320,US,United States,transparent,no,no,1 hour 8 mins ago
45.41.161.64,5446,US,United States,transparent,no,no,1 hour 8 mins ago
161.123.154.223,6753,US,United States,transparent,no,no,1 hour 8 mins ago
45.61.125.94,6105,US,United States,transparent,no,no,1 hour 8 mins ago
173.239.237.126,5772,US,United States,transparent,no,no,1 hour 8 mins ago
142.147.133.214,5554,US,United States,transparent,no,no,1 hour 8 mins ago
157.52.145.59,5668,US,United States,transparent,no,no,1 hour 8 mins ago
198.23.128.55,5683,US,United States,transparent,no,no,1 hour 8 mins ago
45.41.171.164,6200,US,United States,transparent,no,no,1 hour 8 mins ago
209.99.135.41,6672,US,United States,transparent,no,no,1 hour 8 mins ago
184.174.27.57,6280,US,United States,transparent,no,no,1 hour 8 mins ago
142.147.242.52,6031,US,United States,transparent,no,no,1 hour 8 mins ago
154.29.232.55,6715,US,United States,transparent,no,no,1 hour 8 mins ago
184.174.44.135,6561,US,United States,transparent,no,no,1 hour 8 mins ago
45.41.169.193,6854,US,United States,transparent,no,no,1 hour 8 mins ago
45.61.125.9,6020,US,United States,transparent,no,no,1 hour 8 mins ago
206.206.66.186,5506,US,United States,transparent,no,no,1 hour 8 mins ago
154.29.239.186,6225,US,United States,transparent,no,no,1 hour 8 mins ago
157.52.174.146,6355,US,United States,transparent,no,no,1 hour 8 mins ago
23.94.138.110,6384,US,United States,transparent,no,no,1 hour 8 mins ago
98.159.45.252,5627,US,United States,transparent,no,no,1 hour 8 mins ago
157.52.174.73,6282,US,United States,transparent,no,no,1 hour 8 mins ago
38.170.173.8,7559,US,United States,transparent,no,no,1 hour 8 mins ago
104.232.211.113,5726,US,United States,transparent,no,no,1 hour 8 mins ago
66.78.34.251,5870,US,United States,transparent,no,no,1 hour 8 mins ago
107.173.137.11,6265,US,United States,transparent,no,no,1 hour 8 mins ago
157.52.148.91,5978,US,United States,transparent,no,no,1 hour 8 mins ago
198.23.147.239,5254,US,United States,transparent,no,no,1 hour 8 mins ago
142.111.255.186,5475,US,United States,transparent,no,no,1 hour 8 mins ago
161.123.154.3,6533,US,United States,transparent,no,no,1 hour 8 mins ago
136.0.207.142,6719,US,United States,transparent,no,no,1 hour 8 mins ago
198.46.137.192,6396,US,United States,transparent,no,no,1 hour 8 mins ago
209.99.135.197,6828,US,United States,transparent,no,no,1 hour 8 mins ago
64.64.115.88,5723,US,United States,transparent,no,no,1 hour 8 mins ago
